{
  "firestore": {
    "rules": "firestore.rules",
    "indexes": "firestore.indexes.json"
  },
  "functions": [
    {
      "source": "functions",
      "codebase": "default",
      "ignore": [
        "node_modules",
        ".git",
        "firebase-debug.log",
        "firebase-debug.*.log"
      ],
      "predeploy": [
        "npm --prefix \"$RESOURCE_DIR\" run build"
      ]
    }
  ],
  "emulators": {
    "auth": {
      "port": 9099
    },
    "functions": {
      "port": 5001
    },
    "pubsub": {
      "port": 8085
    },
    "firestore": {
      "port": 8080
    },
    "ui": {
      "enabled": true
    },
    "singleProjectMode": true
  },
  "extensions": {
    "firestore-send-email": "firebase/firestore-send-email@0.1.24"
  }
}
